user_id,name,email,company,posts_count,average_post_length,post_titles
1,Leanne Graham,Sincere@april.biz,Romaguera-Crona,10,164.5,sunt aut facere repellat provident occaecati excepturi optio reprehenderit | qui est esse | ea molestias quasi exercitationem repellat qui ipsa sit aut | eum et est occaecati | nesciunt quas odio | dolorem eum magni eos aperiam quia | magnam facilis autem | dolorem dolore est ipsam | nesciunt iure omnis dolorem tempora et accusantium | optio molestias id quia eum
2,Ervin Howell,Shanna@melissa.tv,Deckow-Crist,10,162.9,et ea vero quia laudantium autem | in quibusdam tempore odit est dolorem | dolorum ut in voluptas mollitia et saepe quo animi | voluptatem eligendi optio | eveniet quod temporibus | sint suscipit perspiciatis velit dolorum rerum ipsa laboriosam odio | fugit voluptas sed molestias voluptatem provident | voluptate et itaque vero tempora molestiae | adipisci placeat illum aut reiciendis qui | doloribus ad provident suscipit at
3,Clementine Bauch,Nathan@yesenia.net,Romaguera-Jacobson,10,153.8,asperiores ea ipsam voluptatibus modi minima quia sint | dolor sint quo a velit explicabo quia nam | maxime id vitae nihil numquam | autem hic labore sunt dolores incidunt | rem alias distinctio quo quis | est et quae odit qui non | quasi id et eos tenetur aut quo autem | delectus ullam et corporis nulla voluptas sequi | iusto eius quod necessitatibus culpa ea | a quo magni similique perferendis
4,Patricia Lebsack,Julianne.OConner@kory.org,Robel-Corkery,10,182.3,ullam ut quidem id aut vel consequuntur | doloremque illum aliquid sunt | qui explicabo molestiae dolorem | magnam ut rerum iure | id nihil consequatur molestias animi provident | fuga nam accusamus voluptas reiciendis itaque | provident vel ut sit ratione est | explicabo et eos deleniti nostrum ab id repellendus | eos dolorem iste accusantium est eaque quam | enim quo cumque
5,Chelsey Dietrich,Lucio_Hettinger@annie.ca,Keebler LLC,10,162.5,non est facere | commodi ullam sint et excepturi error explicabo praesentium voluptas | eligendi iste nostrum consequuntur adipisci praesentium sit beatae perferendis | optio dolor molestias sit | ut numquam possimus omnis eius suscipit laudantium iure | aut quo modi neque nostrum ducimus | quibusdam cumque rem aut deserunt | ut voluptatem illum ea doloribus itaque eos | laborum non sunt aut ut assumenda perspiciatis voluptas | repellendus qui recusandae incidunt voluptates tenetur qui omnis exercitationem
6,Mrs. Dennis Schulist,Karley_Dach@jasper.info,Considine-Lockman,10,147.0,soluta aliquam aperiam consequatur illo quis voluptas | qui enim et consequuntur quia animi quis voluptate quibusdam | ut quo aut ducimus alias | sit asperiores ipsam eveniet odio non quia | sit vel voluptatem et non libero | qui et at rerum necessitatibus | sed ab est est | voluptatum itaque dolores nisi et quasi | qui commodi dolor at maiores et quis id accusantium | consequatur placeat omnis quisquam quia reprehenderit fugit veritatis facere
7,Kurtis Weissnat,Telly.Hoeger@billy.biz,Johns Group,10,163.5,voluptatem doloribus consectetur est ut ducimus | beatae enim quia vel | voluptas blanditiis repellendus animi ducimus error sapiente et suscipit | et fugit quas eum in in aperiam quod | consequatur id enim sunt et et | repudiandae ea animi iusto | aliquid eos sed fuga est maxime repellendus | odio quis facere architecto reiciendis optio | fugiat quod pariatur odit minima | voluptatem laborum magni
8,Nicholas Runolfsdottir V,Sherwood@rosamond.me,Abernathy Group,10,160.6,et iusto veniam et illum aut fuga | sint hic doloribus consequatur eos non id | consequuntur deleniti eos quia temporibus ab aliquid at | enim unde ratione doloribus quas enim ut sit sapiente | dignissimos eum dolor ut enim et delectus in | doloremque officiis ad et non perferendis | necessitatibus quasi exercitationem odio | quam voluptatibus rerum veritatis | pariatur consequatur quia magnam autem omnis non amet | labore in ex et explicabo corporis aut quas
9,Glenna Reichert,Chaim_McDermott@dana.io,Yost and Sons,10,154.6,tempora rem veritatis voluptas quo dolores vero | laudantium voluptate suscipit sunt enim enim | odit et voluptates doloribus alias odio et | optio ipsam molestias necessitatibus occaecati facilis veritatis dolores aut | dolore veritatis porro provident adipisci blanditiis et sunt | placeat quia et porro iste | nostrum quis quasi placeat | sapiente omnis fugit eos | sint soluta et vel magnam aut ut sed qui | ad iusto omnis odit dolor voluptatibus
10,Clementina DuBuque,Rey.Padberg@karina.biz,Hoeger LLC,10,154.7,aut amet sed | ratione ex tenetur perferendis | beatae soluta recusandae | qui qui voluptates illo iste minima | id minus libero illum nam ad officiis | quaerat velit veniam amet cupiditate aut numquam ut sequi | quas fugiat ut perspiciatis vero provident | laboriosam dolor voluptates | temporibus sit alias delectus eligendi possimus magni | at nam consequatur ea labore ea harum
